industry_code,industry_name,wage_type,year,value
A040601,总计,non_private,2006,20856.0
A040601,总计,non_private,2007,24721.0
A040601,总计,non_private,2008,28898.0
A040601,总计,non_private,2009,32244.0
A040601,总计,non_private,2010,36539.0
A040601,总计,non_private,2011,41799.0
A040601,总计,non_private,2012,46769.0
A040601,总计,non_private,2013,51483.0
A040601,总计,non_private,2014,56360.0
A040601,总计,non_private,2015,62029.0
A040601,总计,non_private,2016,67569.0
A040601,总计,non_private,2017,74318.0
A040601,总计,non_private,2018,82413.0
A040601,总计,non_private,2019,90501.0
A040601,总计,non_private,2020,97379.0
A040601,总计,non_private,2021,106837.0
A040601,总计,non_private,2022,114029.0
A040601,总计,non_private,2023,120698.0
A040601,总计,non_private,2024,124110.0
A040602,农林牧渔业,non_private,2006,9269.0
A040602,农林牧渔业,non_private,2007,10847.0
A040602,农林牧渔业,non_private,2008,12560.0
A040602,农林牧渔业,non_private,2009,14356.0
A040602,农林牧渔业,non_private,2010,16717.0
A040602,农林牧渔业,non_private,2011,19469.0
A040602,农林牧渔业,non_private,2012,22687.0
A040602,农林牧渔业,non_private,2013,25820.0
A040602,农林牧渔业,non_private,2014,28356.0
A040602,农林牧渔业,non_private,2015,31947.0
A040602,农林牧渔业,non_private,2016,33612.0
A040602,农林牧渔业,non_private,2017,36504.0
A040602,农林牧渔业,non_private,2018,36466.0
A040602,农林牧渔业,non_private,2019,39340.0
A040602,农林牧渔业,non_private,2020,48540.0
A040602,农林牧渔业,non_private,2021,53819.0
A040602,农林牧渔业,non_private,2022,58976.0
A040602,农林牧渔业,non_private,2023,62952.0
A040602,农林牧渔业,non_private,2024,67475.0
A040603,采矿业,non_private,2006,24125.0
A040603,采矿业,non_private,2007,28185.0
A040603,采矿业,non_private,2008,34233.0
A040603,采矿业,non_private,2009,38038.0
A040603,采矿业,non_private,2010,44196.0
A040603,采矿业,non_private,2011,52230.0
A040603,采矿业,non_private,2012,56946.0
A040603,采矿业,non_private,2013,60138.0
A040603,采矿业,non_private,2014,61677.0
A040603,采矿业,non_private,2015,59404.0
A040603,采矿业,non_private,2016,60544.0
A040603,采矿业,non_private,2017,69500.0
A040603,采矿业,non_private,2018,81429.0
A040603,采矿业,non_private,2019,91068.0
A040603,采矿业,non_private,2020,96674.0
A040603,采矿业,non_private,2021,108467.0
A040603,采矿业,non_private,2022,121522.0
A040603,采矿业,non_private,2023,135025.0
A040603,采矿业,non_private,2024,140706.0
A040604,制造业,non_private,2006,18225.0
A040604,制造业,non_private,2007,21144.0
A040604,制造业,non_private,2008,24404.0
A040604,制造业,non_private,2009,26810.0
A040604,制造业,non_private,2010,30916.0
A040604,制造业,non_private,2011,36665.0
A040604,制造业,non_private,2012,41650.0
A040604,制造业,non_private,2013,46431.0
A040604,制造业,non_private,2014,51369.0
A040604,制造业,non_private,2015,55324.0
A040604,制造业,non_private,2016,59470.0
A040604,制造业,non_private,2017,64452.0
A040604,制造业,non_private,2018,72088.0
A040604,制造业,non_private,2019,78147.0
A040604,制造业,non_private,2020,82783.0
A040604,制造业,non_private,2021,92459.0
A040604,制造业,non_private,2022,97528.0
A040604,制造业,non_private,2023,103932.0
A040604,制造业,non_private,2024,107987.0
A040605,电力、热力、燃气及水生产和供应业,non_private,2006,28424.0
A040605,电力、热力、燃气及水生产和供应业,non_private,2007,33470.0
A040605,电力、热力、燃气及水生产和供应业,non_private,2008,38515.0
A040605,电力、热力、燃气及水生产和供应业,non_private,2009,41869.0
A040605,电力、热力、燃气及水生产和供应业,non_private,2010,47309.0
A040605,电力、热力、燃气及水生产和供应业,non_private,2011,52723.0
A040605,电力、热力、燃气及水生产和供应业,non_private,2012,58202.0
A040605,电力、热力、燃气及水生产和供应业,non_private,2013,67085.0
A040605,电力、热力、燃气及水生产和供应业,non_private,2014,73339.0
A040605,电力、热力、燃气及水生产和供应业,non_private,2015,78886.0
A040605,电力、热力、燃气及水生产和供应业,non_private,2016,83863.0
A040605,电力、热力、燃气及水生产和供应业,non_private,2017,90348.0
A040605,电力、热力、燃气及水生产和供应业,non_private,2018,100162.0
A040605,电力、热力、燃气及水生产和供应业,non_private,2019,107733.0
A040605,电力、热力、燃气及水生产和供应业,non_private,2020,116728.0
A040605,电力、热力、燃气及水生产和供应业,non_private,2021,125332.0
A040605,电力、热力、燃气及水生产和供应业,non_private,2022,132964.0
A040605,电力、热力、燃气及水生产和供应业,non_private,2023,143594.0
A040605,电力、热力、燃气及水生产和供应业,non_private,2024,150285.0
A040606,建筑业,non_private,2006,16164.0
A040606,建筑业,non_private,2007,18482.0
A040606,建筑业,non_private,2008,21223.0
A040606,建筑业,non_private,2009,24161.0
A040606,建筑业,non_private,2010,27529.0
A040606,建筑业,non_private,2011,32103.0
A040606,建筑业,non_private,2012,36483.0
A040606,建筑业,non_private,2013,42072.0
A040606,建筑业,non_private,2014,45804.0
A040606,建筑业,non_private,2015,48886.0
A040606,建筑业,non_private,2016,52082.0
A040606,建筑业,non_private,2017,55568.0
A040606,建筑业,non_private,2018,60501.0
A040606,建筑业,non_private,2019,65580.0
A040606,建筑业,non_private,2020,69986.0
A040606,建筑业,non_private,2021,75762.0
A040606,建筑业,non_private,2022,78295.0
A040606,建筑业,non_private,2023,85804.0
A040606,建筑业,non_private,2024,89519.0
A040607,交通运输、仓储和邮政业,non_private,2006,24111.0
A040607,交通运输、仓储和邮政业,non_private,2007,27903.0
A040607,交通运输、仓储和邮政业,non_private,2008,32041.0
A040607,交通运输、仓储和邮政业,non_private,2009,35315.0
A040607,交通运输、仓储和邮政业,non_private,2010,40466.0
A040607,交通运输、仓储和邮政业,non_private,2011,47078.0
A040607,交通运输、仓储和邮政业,non_private,2012,53391.0
A040607,交通运输、仓储和邮政业,non_private,2013,57993.0
A040607,交通运输、仓储和邮政业,non_private,2014,63416.0
A040607,交通运输、仓储和邮政业,non_private,2015,68822.0
A040607,交通运输、仓储和邮政业,non_private,2016,73650.0
A040607,交通运输、仓储和邮政业,non_private,2017,80225.0
A040607,交通运输、仓储和邮政业,non_private,2018,88508.0
A040607,交通运输、仓储和邮政业,non_private,2019,97050.0
A040607,交通运输、仓储和邮政业,non_private,2020,100642.0
A040607,交通运输、仓储和邮政业,non_private,2021,109851.0
A040607,交通运输、仓储和邮政业,non_private,2022,115345.0
A040607,交通运输、仓储和邮政业,non_private,2023,122705.0
A040607,交通运输、仓储和邮政业,non_private,2024,127889.0
A040608,信息传输、软件和信息技术服务业,non_private,2006,43435.0
A040608,信息传输、软件和信息技术服务业,non_private,2007,47700.0
A040608,信息传输、软件和信息技术服务业,non_private,2008,54906.0
A040608,信息传输、软件和信息技术服务业,non_private,2009,58154.0
A040608,信息传输、软件和信息技术服务业,non_private,2010,64436.0
A040608,信息传输、软件和信息技术服务业,non_private,2011,70918.0
A040608,信息传输、软件和信息技术服务业,non_private,2012,80510.0
A040608,信息传输、软件和信息技术服务业,non_private,2013,90915.0
A040608,信息传输、软件和信息技术服务业,non_private,2014,100845.0
A040608,信息传输、软件和信息技术服务业,non_private,2015,112042.0
A040608,信息传输、软件和信息技术服务业,non_private,2016,122478.0
A040608,信息传输、软件和信息技术服务业,non_private,2017,133150.0
A040608,信息传输、软件和信息技术服务业,non_private,2018,147678.0
A040608,信息传输、软件和信息技术服务业,non_private,2019,161352.0
A040608,信息传输、软件和信息技术服务业,non_private,2020,177544.0
A040608,信息传输、软件和信息技术服务业,non_private,2021,201506.0
A040608,信息传输、软件和信息技术服务业,non_private,2022,220418.0
A040608,信息传输、软件和信息技术服务业,non_private,2023,231810.0
A040608,信息传输、软件和信息技术服务业,non_private,2024,238966.0
A040609,批发和零售业,non_private,2006,17796.0
A040609,批发和零售业,non_private,2007,21074.0
A040609,批发和零售业,non_private,2008,25818.0
A040609,批发和零售业,non_private,2009,29139.0
A040609,批发和零售业,non_private,2010,33635.0
A040609,批发和零售业,non_private,2011,40654.0
A040609,批发和零售业,non_private,2012,46340.0
A040609,批发和零售业,non_private,2013,50308.0
A040609,批发和零售业,non_private,2014,55838.0
A040609,批发和零售业,non_private,2015,60328.0
A040609,批发和零售业,non_private,2016,65061.0
A040609,批发和零售业,non_private,2017,71201.0
A040609,批发和零售业,non_private,2018,80551.0
A040609,批发和零售业,non_private,2019,89047.0
A040609,批发和零售业,non_private,2020,96521.0
A040609,批发和零售业,non_private,2021,107735.0
A040609,批发和零售业,non_private,2022,115408.0
A040609,批发和零售业,non_private,2023,124362.0
A040609,批发和零售业,non_private,2024,129658.0
A04060A,住宿和餐饮业,non_private,2006,15236.0
A04060A,住宿和餐饮业,non_private,2007,17046.0
A04060A,住宿和餐饮业,non_private,2008,19321.0
A04060A,住宿和餐饮业,non_private,2009,20860.0
A04060A,住宿和餐饮业,non_private,2010,23382.0
A04060A,住宿和餐饮业,non_private,2011,27486.0
A04060A,住宿和餐饮业,non_private,2012,31267.0
A04060A,住宿和餐饮业,non_private,2013,34044.0
A04060A,住宿和餐饮业,non_private,2014,37264.0
A04060A,住宿和餐饮业,non_private,2015,40806.0
A04060A,住宿和餐饮业,non_private,2016,43382.0
A04060A,住宿和餐饮业,non_private,2017,45751.0
A04060A,住宿和餐饮业,non_private,2018,48260.0
A04060A,住宿和餐饮业,non_private,2019,50346.0
A04060A,住宿和餐饮业,non_private,2020,48833.0
A04060A,住宿和餐饮业,non_private,2021,53631.0
A04060A,住宿和餐饮业,non_private,2022,53995.0
A04060A,住宿和餐饮业,non_private,2023,58094.0
A04060A,住宿和餐饮业,non_private,2024,60240.0
A04060B,金融业,non_private,2006,35495.0
A04060B,金融业,non_private,2007,44011.0
A04060B,金融业,non_private,2008,53897.0
A04060B,金融业,non_private,2009,60398.0
A04060B,金融业,non_private,2010,70146.0
A04060B,金融业,non_private,2011,81109.0
A04060B,金融业,non_private,2012,89743.0
A04060B,金融业,non_private,2013,99653.0
A04060B,金融业,non_private,2014,108273.0
A04060B,金融业,non_private,2015,114777.0
A04060B,金融业,non_private,2016,117418.0
A04060B,金融业,non_private,2017,122851.0
A04060B,金融业,non_private,2018,129837.0
A04060B,金融业,non_private,2019,131405.0
A04060B,金融业,non_private,2020,133390.0
A04060B,金融业,non_private,2021,150843.0
A04060B,金融业,non_private,2022,174341.0
A04060B,金融业,non_private,2023,197663.0
A04060B,金融业,non_private,2024,201883.0
A04060C,房地产业,non_private,2006,22238.0
A04060C,房地产业,non_private,2007,26085.0
A04060C,房地产业,non_private,2008,30118.0
A04060C,房地产业,non_private,2009,32242.0
A04060C,房地产业,non_private,2010,35870.0
A04060C,房地产业,non_private,2011,42837.0
A04060C,房地产业,non_private,2012,46764.0
A04060C,房地产业,non_private,2013,51048.0
A04060C,房地产业,non_private,2014,55568.0
A04060C,房地产业,non_private,2015,60244.0
A04060C,房地产业,non_private,2016,65497.0
A04060C,房地产业,non_private,2017,69277.0
A04060C,房地产业,non_private,2018,75281.0
A04060C,房地产业,non_private,2019,80157.0
A04060C,房地产业,non_private,2020,83807.0
A04060C,房地产业,non_private,2021,91143.0
A04060C,房地产业,non_private,2022,90346.0
A04060C,房地产业,non_private,2023,91932.0
A04060C,房地产业,non_private,2024,91912.0
A04060D,租赁和商务服务业,non_private,2006,24510.0
A04060D,租赁和商务服务业,non_private,2007,27807.0
A04060D,租赁和商务服务业,non_private,2008,32915.0
A04060D,租赁和商务服务业,non_private,2009,35494.0
A04060D,租赁和商务服务业,non_private,2010,39566.0
A04060D,租赁和商务服务业,non_private,2011,46976.0
A04060D,租赁和商务服务业,non_private,2012,53162.0
A04060D,租赁和商务服务业,non_private,2013,62538.0
A04060D,租赁和商务服务业,non_private,2014,67131.0
A04060D,租赁和商务服务业,non_private,2015,72489.0
A04060D,租赁和商务服务业,non_private,2016,76782.0
A04060D,租赁和商务服务业,non_private,2017,81393.0
A04060D,租赁和商务服务业,non_private,2018,85147.0
A04060D,租赁和商务服务业,non_private,2019,88190.0
A04060D,租赁和商务服务业,non_private,2020,92924.0
A04060D,租赁和商务服务业,non_private,2021,102537.0
A04060D,租赁和商务服务业,non_private,2022,106500.0
A04060D,租赁和商务服务业,non_private,2023,109264.0
A04060D,租赁和商务服务业,non_private,2024,110353.0
A04060E,科学研究和技术服务业,non_private,2006,31644.0
A04060E,科学研究和技术服务业,non_private,2007,38432.0
A04060E,科学研究和技术服务业,non_private,2008,45512.0
A04060E,科学研究和技术服务业,non_private,2009,50143.0
A04060E,科学研究和技术服务业,non_private,2010,56376.0
A04060E,科学研究和技术服务业,non_private,2011,64252.0
A04060E,科学研究和技术服务业,non_private,2012,69254.0
A04060E,科学研究和技术服务业,non_private,2013,76602.0
A04060E,科学研究和技术服务业,non_private,2014,82259.0
A04060E,科学研究和技术服务业,non_private,2015,89410.0
A04060E,科学研究和技术服务业,non_private,2016,96638.0
A04060E,科学研究和技术服务业,non_private,2017,107815.0
A04060E,科学研究和技术服务业,non_private,2018,123343.0
A04060E,科学研究和技术服务业,non_private,2019,133459.0
A04060E,科学研究和技术服务业,non_private,2020,139851.0
A04060E,科学研究和技术服务业,non_private,2021,151776.0
A04060E,科学研究和技术服务业,non_private,2022,163486.0
A04060E,科学研究和技术服务业,non_private,2023,171447.0
A04060E,科学研究和技术服务业,non_private,2024,175425.0
A04060F,水利、环境和公共设施管理业,non_private,2006,15630.0
A04060F,水利、环境和公共设施管理业,non_private,2007,18383.0
A04060F,水利、环境和公共设施管理业,non_private,2008,21103.0
A04060F,水利、环境和公共设施管理业,non_private,2009,23159.0
A04060F,水利、环境和公共设施管理业,non_private,2010,25544.0
A04060F,水利、环境和公共设施管理业,non_private,2011,28868.0
A04060F,水利、环境和公共设施管理业,non_private,2012,32343.0
A04060F,水利、环境和公共设施管理业,non_private,2013,36123.0
A04060F,水利、环境和公共设施管理业,non_private,2014,39198.0
A04060F,水利、环境和公共设施管理业,non_private,2015,43528.0
A04060F,水利、环境和公共设施管理业,non_private,2016,47750.0
A04060F,水利、环境和公共设施管理业,non_private,2017,52229.0
A04060F,水利、环境和公共设施管理业,non_private,2018,56670.0
A04060F,水利、环境和公共设施管理业,non_private,2019,61158.0
A04060F,水利、环境和公共设施管理业,non_private,2020,63914.0
A04060F,水利、环境和公共设施管理业,non_private,2021,65802.0
A04060F,水利、环境和公共设施管理业,non_private,2022,68256.0
A04060F,水利、环境和公共设施管理业,non_private,2023,68656.0
A04060F,水利、环境和公共设施管理业,non_private,2024,68315.0
A04060G,居民服务、修理和其他服务业,non_private,2006,18030.0
A04060G,居民服务、修理和其他服务业,non_private,2007,20370.0
A04060G,居民服务、修理和其他服务业,non_private,2008,22858.0
A04060G,居民服务、修理和其他服务业,non_private,2009,25172.0
A04060G,居民服务、修理和其他服务业,non_private,2010,28206.0
A04060G,居民服务、修理和其他服务业,non_private,2011,33169.0
A04060G,居民服务、修理和其他服务业,non_private,2012,35135.0
A04060G,居民服务、修理和其他服务业,non_private,2013,38429.0
A04060G,居民服务、修理和其他服务业,non_private,2014,41882.0
A04060G,居民服务、修理和其他服务业,non_private,2015,44802.0
A04060G,居民服务、修理和其他服务业,non_private,2016,47577.0
A04060G,居民服务、修理和其他服务业,non_private,2017,50552.0
A04060G,居民服务、修理和其他服务业,non_private,2018,55343.0
A04060G,居民服务、修理和其他服务业,non_private,2019,60232.0
A04060G,居民服务、修理和其他服务业,non_private,2020,60722.0
A04060G,居民服务、修理和其他服务业,non_private,2021,65193.0
A04060G,居民服务、修理和其他服务业,non_private,2022,65478.0
A04060G,居民服务、修理和其他服务业,non_private,2023,68919.0
A04060G,居民服务、修理和其他服务业,non_private,2024,68159.0
A04060H,教育业,non_private,2006,20918.0
A04060H,教育业,non_private,2007,25908.0
A04060H,教育业,non_private,2008,29831.0
A04060H,教育业,non_private,2009,34543.0
A04060H,教育业,non_private,2010,38968.0
A04060H,教育业,non_private,2011,43194.0
A04060H,教育业,non_private,2012,47734.0
A04060H,教育业,non_private,2013,51950.0
A04060H,教育业,non_private,2014,56580.0
A04060H,教育业,non_private,2015,66592.0
A04060H,教育业,non_private,2016,74498.0
A04060H,教育业,non_private,2017,83412.0
A04060H,教育业,non_private,2018,92383.0
A04060H,教育业,non_private,2019,97681.0
A04060H,教育业,non_private,2020,106474.0
A04060H,教育业,non_private,2021,111392.0
A04060H,教育业,non_private,2022,120422.0
A04060H,教育业,non_private,2023,124067.0
A04060H,教育业,non_private,2024,126185.0
A04060I,卫生和社会工作,non_private,2006,23590.0
A04060I,卫生和社会工作,non_private,2007,27892.0
A04060I,卫生和社会工作,non_private,2008,32185.0
A04060I,卫生和社会工作,non_private,2009,35662.0
A04060I,卫生和社会工作,non_private,2010,40232.0
A04060I,卫生和社会工作,non_private,2011,46206.0
A04060I,卫生和社会工作,non_private,2012,52564.0
A04060I,卫生和社会工作,non_private,2013,57979.0
A04060I,卫生和社会工作,non_private,2014,63267.0
A04060I,卫生和社会工作,non_private,2015,71624.0
A04060I,卫生和社会工作,non_private,2016,80026.0
A04060I,卫生和社会工作,non_private,2017,89648.0
A04060I,卫生和社会工作,non_private,2018,98118.0
A04060I,卫生和社会工作,non_private,2019,108903.0
A04060I,卫生和社会工作,non_private,2020,115449.0
A04060I,卫生和社会工作,non_private,2021,126828.0
A04060I,卫生和社会工作,non_private,2022,135222.0
A04060I,卫生和社会工作,non_private,2023,143818.0
A04060I,卫生和社会工作,non_private,2024,143173.0
A04060J,文化、体育和娱乐业,non_private,2006,25847.0
A04060J,文化、体育和娱乐业,non_private,2007,30430.0
A04060J,文化、体育和娱乐业,non_private,2008,34158.0
A04060J,文化、体育和娱乐业,non_private,2009,37755.0
A04060J,文化、体育和娱乐业,non_private,2010,41428.0
A04060J,文化、体育和娱乐业,non_private,2011,47878.0
A04060J,文化、体育和娱乐业,non_private,2012,53558.0
A04060J,文化、体育和娱乐业,non_private,2013,59336.0
A04060J,文化、体育和娱乐业,non_private,2014,64375.0
A04060J,文化、体育和娱乐业,non_private,2015,72764.0
A04060J,文化、体育和娱乐业,non_private,2016,79875.0
A04060J,文化、体育和娱乐业,non_private,2017,87803.0
A04060J,文化、体育和娱乐业,non_private,2018,98621.0
A04060J,文化、体育和娱乐业,non_private,2019,107708.0
A04060J,文化、体育和娱乐业,non_private,2020,112081.0
A04060J,文化、体育和娱乐业,non_private,2021,117329.0
A04060J,文化、体育和娱乐业,non_private,2022,121151.0
A04060J,文化、体育和娱乐业,non_private,2023,127334.0
A04060J,文化、体育和娱乐业,non_private,2024,126040.0
A04060K,公共管理、社会保障和社会组织,non_private,2006,22546.0
A04060K,公共管理、社会保障和社会组织,non_private,2007,27731.0
A04060K,公共管理、社会保障和社会组织,non_private,2008,32296.0
A04060K,公共管理、社会保障和社会组织,non_private,2009,35326.0
A04060K,公共管理、社会保障和社会组织,non_private,2010,38242.0
A04060K,公共管理、社会保障和社会组织,non_private,2011,42062.0
A04060K,公共管理、社会保障和社会组织,non_private,2012,46074.0
A04060K,公共管理、社会保障和社会组织,non_private,2013,49259.0
A04060K,公共管理、社会保障和社会组织,non_private,2014,53110.0
A04060K,公共管理、社会保障和社会组织,non_private,2015,62323.0
A04060K,公共管理、社会保障和社会组织,non_private,2016,70959.0
A04060K,公共管理、社会保障和社会组织,non_private,2017,80372.0
A04060K,公共管理、社会保障和社会组织,non_private,2018,87932.0
A04060K,公共管理、社会保障和社会组织,non_private,2019,94369.0
A04060K,公共管理、社会保障和社会组织,non_private,2020,104487.0
A04060K,公共管理、社会保障和社会组织,non_private,2021,111361.0
A04060K,公共管理、社会保障和社会组织,non_private,2022,117440.0
A04060K,公共管理、社会保障和社会组织,non_private,2023,117108.0
A04060K,公共管理、社会保障和社会组织,non_private,2024,114840.0
A040601,总计,private,2009,18198.9933639475
A040601,总计,private,2010,20759.0
A040601,总计,private,2011,24556.0
A040601,总计,private,2012,28752.0
A040601,总计,private,2013,32706.0
A040601,总计,private,2014,36390.0
A040601,总计,private,2015,39589.0
A040601,总计,private,2016,42833.0
A040601,总计,private,2017,45761.0
A040601,总计,private,2018,49575.0
A040601,总计,private,2019,53604.0
A040601,总计,private,2020,57727.0
A040601,总计,private,2021,62884.0
A040601,总计,private,2022,65237.0
A040601,总计,private,2023,68340.0
A040601,总计,private,2024,69476.0
A040602,农林牧渔业,private,2009,14584.6306098665
A040602,农林牧渔业,private,2010,16370.0
A040602,农林牧渔业,private,2011,19223.0
A040602,农林牧渔业,private,2012,21973.0
A040602,农林牧渔业,private,2013,24645.0
A040602,农林牧渔业,private,2014,26862.0
A040602,农林牧渔业,private,2015,28869.0
A040602,农林牧渔业,private,2016,31301.0
A040602,农林牧渔业,private,2017,34272.0
A040602,农林牧渔业,private,2018,36375.0
A040602,农林牧渔业,private,2019,37760.0
A040602,农林牧渔业,private,2020,38956.0
A040602,农林牧渔业,private,2021,41442.0
A040602,农林牧渔业,private,2022,42605.0
A040602,农林牧渔业,private,2023,44465.0
A040602,农林牧渔业,private,2024,46433.0
A040603,采矿业,private,2009,18552.6436611374
A040603,采矿业,private,2010,20981.0
A040603,采矿业,private,2011,25519.0
A040603,采矿业,private,2012,29684.0
A040603,采矿业,private,2013,33081.0
A040603,采矿业,private,2014,35819.0
A040603,采矿业,private,2015,38192.0
A040603,采矿业,private,2016,39600.0
A040603,采矿业,private,2017,41236.0
A040603,采矿业,private,2018,44096.0
A040603,采矿业,private,2019,49675.0
A040603,采矿业,private,2020,54563.0
A040603,采矿业,private,2021,62665.0
A040603,采矿业,private,2022,68509.0
A040603,采矿业,private,2023,75648.0
A040603,采矿业,private,2024,76010.0
A040604,制造业,private,2009,17259.9330925054
A040604,制造业,private,2010,20090.0
A040604,制造业,private,2011,24138.0
A040604,制造业,private,2012,28215.0
A040604,制造业,private,2013,32035.0
A040604,制造业,private,2014,35653.0
A040604,制造业,private,2015,38948.0
A040604,制造业,private,2016,42115.0
A040604,制造业,private,2017,44991.0
A040604,制造业,private,2018,49275.0
A040604,制造业,private,2019,52858.0
A040604,制造业,private,2020,57910.0
A040604,制造业,private,2021,63946.0
A040604,制造业,private,2022,67352.0
A040604,制造业,private,2023,71762.0
A040604,制造业,private,2024,71467.0
A040605,电力、热力、燃气及水生产和供应业,private,2009,17795.4379264291
A040605,电力、热力、燃气及水生产和供应业,private,2010,18834.0
A040605,电力、热力、燃气及水生产和供应业,private,2011,22091.0
A040605,电力、热力、燃气及水生产和供应业,private,2012,25478.0
A040605,电力、热力、燃气及水生产和供应业,private,2013,29597.0
A040605,电力、热力、燃气及水生产和供应业,private,2014,33184.0
A040605,电力、热力、燃气及水生产和供应业,private,2015,34631.0
A040605,电力、热力、燃气及水生产和供应业,private,2016,38605.0
A040605,电力、热力、燃气及水生产和供应业,private,2017,41510.0
A040605,电力、热力、燃气及水生产和供应业,private,2018,44239.0
A040605,电力、热力、燃气及水生产和供应业,private,2019,49633.0
A040605,电力、热力、燃气及水生产和供应业,private,2020,54268.0
A040605,电力、热力、燃气及水生产和供应业,private,2021,59271.0
A040605,电力、热力、燃气及水生产和供应业,private,2022,61870.0
A040605,电力、热力、燃气及水生产和供应业,private,2023,64826.0
A040605,电力、热力、燃气及水生产和供应业,private,2024,63574.0
A040606,建筑业,private,2009,19867.0554432939
A040606,建筑业,private,2010,22228.0
A040606,建筑业,private,2011,26108.0
A040606,建筑业,private,2012,30911.0
A040606,建筑业,private,2013,34882.0
A040606,建筑业,private,2014,38838.0
A040606,建筑业,private,2015,41710.0
A040606,建筑业,private,2016,44803.0
A040606,建筑业,private,2017,46944.0
A040606,建筑业,private,2018,50879.0
A040606,建筑业,private,2019,54167.0
A040606,建筑业,private,2020,57309.0
A040606,建筑业,private,2021,60430.0
A040606,建筑业,private,2022,60918.0
A040606,建筑业,private,2023,63857.0
A040606,建筑业,private,2024,65494.0
A040607,交通运输、仓储和邮政业,private,2009,19633.5350200194
A040607,交通运输、仓储和邮政业,private,2010,21989.0
A040607,交通运输、仓储和邮政业,private,2011,25949.0
A040607,交通运输、仓储和邮政业,private,2012,28159.0
A040607,交通运输、仓储和邮政业,private,2013,33141.0
A040607,交通运输、仓储和邮政业,private,2014,38891.0
A040607,交通运输、仓储和邮政业,private,2015,40495.0
A040607,交通运输、仓储和邮政业,private,2016,42705.0
A040607,交通运输、仓储和邮政业,private,2017,45852.0
A040607,交通运输、仓储和邮政业,private,2018,50547.0
A040607,交通运输、仓储和邮政业,private,2019,54006.0
A040607,交通运输、仓储和邮政业,private,2020,57313.0
A040607,交通运输、仓储和邮政业,private,2021,62411.0
A040607,交通运输、仓储和邮政业,private,2022,66059.0
A040607,交通运输、仓储和邮政业,private,2023,68051.0
A040607,交通运输、仓储和邮政业,private,2024,67973.0
A040608,信息传输、软件和信息技术服务业,private,2009,28166.0
A040608,信息传输、软件和信息技术服务业,private,2010,31226.0
A040608,信息传输、软件和信息技术服务业,private,2011,35562.0
A040608,信息传输、软件和信息技术服务业,private,2012,39518.0
A040608,信息传输、软件和信息技术服务业,private,2013,44060.0
A040608,信息传输、软件和信息技术服务业,private,2014,51044.0
A040608,信息传输、软件和信息技术服务业,private,2015,57719.0
A040608,信息传输、软件和信息技术服务业,private,2016,63578.0
A040608,信息传输、软件和信息技术服务业,private,2017,70415.0
A040608,信息传输、软件和信息技术服务业,private,2018,76326.0
A040608,信息传输、软件和信息技术服务业,private,2019,85301.0
A040608,信息传输、软件和信息技术服务业,private,2020,101281.0
A040608,信息传输、软件和信息技术服务业,private,2021,114618.0
A040608,信息传输、软件和信息技术服务业,private,2022,123894.0
A040608,信息传输、软件和信息技术服务业,private,2023,129215.0
A040608,信息传输、软件和信息技术服务业,private,2024,123193.0
A040609,批发和零售业,private,2009,17775.0
A040609,批发和零售业,private,2010,19928.0
A040609,批发和零售业,private,2011,22791.0
A040609,批发和零售业,private,2012,27233.0
A040609,批发和零售业,private,2013,30604.0
A040609,批发和零售业,private,2014,33894.0
A040609,批发和零售业,private,2015,36635.0
A040609,批发和零售业,private,2016,39589.0
A040609,批发和零售业,private,2017,42359.0
A040609,批发和零售业,private,2018,45177.0
A040609,批发和零售业,private,2019,48722.0
A040609,批发和零售业,private,2020,53018.0
A040609,批发和零售业,private,2021,58071.0
A040609,批发和零售业,private,2022,60630.0
A040609,批发和零售业,private,2023,63701.0
A040609,批发和零售业,private,2024,67059.0
A04060A,住宿和餐饮业,private,2009,15623.0
A04060A,住宿和餐饮业,private,2010,17531.0
A04060A,住宿和餐饮业,private,2011,20882.0
A04060A,住宿和餐饮业,private,2012,23933.0
A04060A,住宿和餐饮业,private,2013,27352.0
A04060A,住宿和餐饮业,private,2014,29483.0
A04060A,住宿和餐饮业,private,2015,31889.0
A04060A,住宿和餐饮业,private,2016,34712.0
A04060A,住宿和餐饮业,private,2017,36886.0
A04060A,住宿和餐饮业,private,2018,39632.0
A04060A,住宿和餐饮业,private,2019,42424.0
A04060A,住宿和餐饮业,private,2020,42258.0
A04060A,住宿和餐饮业,private,2021,46817.0
A04060A,住宿和餐饮业,private,2022,47547.0
A04060A,住宿和餐饮业,private,2023,51583.0
A04060A,住宿和餐饮业,private,2024,54042.0
A04060B,金融业,private,2009,30452.0
A04060B,金融业,private,2010,30513.0
A04060B,金融业,private,2011,28664.0
A04060B,金融业,private,2012,32696.0
A04060B,金融业,private,2013,37253.0
A04060B,金融业,private,2014,41553.0
A04060B,金融业,private,2015,44898.0
A04060B,金融业,private,2016,50366.0
A04060B,金融业,private,2017,52289.0
A04060B,金融业,private,2018,62943.0
A04060B,金融业,private,2019,76107.0
A04060B,金融业,private,2020,82930.0
A04060B,金融业,private,2021,95416.0
A04060B,金融业,private,2022,110304.0
A04060B,金融业,private,2023,124812.0
A04060B,金融业,private,2024,135339.0
A04060C,房地产业,private,2009,21334.0
A04060C,房地产业,private,2010,23228.0
A04060C,房地产业,private,2011,27017.0
A04060C,房地产业,private,2012,30778.0
A04060C,房地产业,private,2013,35038.0
A04060C,房地产业,private,2014,37826.0
A04060C,房地产业,private,2015,41767.0
A04060C,房地产业,private,2016,46063.0
A04060C,房地产业,private,2017,48025.0
A04060C,房地产业,private,2018,51393.0
A04060C,房地产业,private,2019,54416.0
A04060C,房地产业,private,2020,55759.0
A04060C,房地产业,private,2021,58288.0
A04060C,房地产业,private,2022,56435.0
A04060C,房地产业,private,2023,56119.0
A04060C,房地产业,private,2024,55979.0
A04060D,租赁和商务服务业,private,2009,21334.0
A04060D,租赁和商务服务业,private,2010,23879.0
A04060D,租赁和商务服务业,private,2011,27115.0
A04060D,租赁和商务服务业,private,2012,31796.0
A04060D,租赁和商务服务业,private,2013,36243.0
A04060D,租赁和商务服务业,private,2014,39414.0
A04060D,租赁和商务服务业,private,2015,43770.0
A04060D,租赁和商务服务业,private,2016,47836.0
A04060D,租赁和商务服务业,private,2017,51394.0
A04060D,租赁和商务服务业,private,2018,53382.0
A04060D,租赁和商务服务业,private,2019,57248.0
A04060D,租赁和商务服务业,private,2020,58155.0
A04060D,租赁和商务服务业,private,2021,64490.0
A04060D,租赁和商务服务业,private,2022,65731.0
A04060D,租赁和商务服务业,private,2023,67107.0
A04060D,租赁和商务服务业,private,2024,69214.0
A04060E,科学研究和技术服务业,private,2009,26187.0
A04060E,科学研究和技术服务业,private,2010,28886.0
A04060E,科学研究和技术服务业,private,2011,31320.0
A04060E,科学研究和技术服务业,private,2012,36598.0
A04060E,科学研究和技术服务业,private,2013,42854.0
A04060E,科学研究和技术服务业,private,2014,47462.0
A04060E,科学研究和技术服务业,private,2015,50441.0
A04060E,科学研究和技术服务业,private,2016,54764.0
A04060E,科学研究和技术服务业,private,2017,58102.0
A04060E,科学研究和技术服务业,private,2018,61876.0
A04060E,科学研究和技术服务业,private,2019,67642.0
A04060E,科学研究和技术服务业,private,2020,72233.0
A04060E,科学研究和技术服务业,private,2021,77708.0
A04060E,科学研究和技术服务业,private,2022,81569.0
A04060E,科学研究和技术服务业,private,2023,82277.0
A04060E,科学研究和技术服务业,private,2024,82387.0
A04060F,水利、环境和公共设施管理业,private,2009,17170.0
A04060F,水利、环境和公共设施管理业,private,2010,19607.0
A04060F,水利、环境和公共设施管理业,private,2011,22958.0
A04060F,水利、环境和公共设施管理业,private,2012,26402.0
A04060F,水利、环境和公共设施管理业,private,2013,31241.0
A04060F,水利、环境和公共设施管理业,private,2014,33847.0
A04060F,水利、环境和公共设施管理业,private,2015,37222.0
A04060F,水利、环境和公共设施管理业,private,2016,40099.0
A04060F,水利、环境和公共设施管理业,private,2017,41061.0
A04060F,水利、环境和公共设施管理业,private,2018,42409.0
A04060F,水利、环境和公共设施管理业,private,2019,44444.0
A04060F,水利、环境和公共设施管理业,private,2020,43287.0
A04060F,水利、环境和公共设施管理业,private,2021,43366.0
A04060F,水利、环境和公共设施管理业,private,2022,44714.0
A04060F,水利、环境和公共设施管理业,private,2023,47504.0
A04060F,水利、环境和公共设施管理业,private,2024,49007.0
A04060G,居民服务、修理和其他服务业,private,2009,15688.0
A04060G,居民服务、修理和其他服务业,private,2010,18350.0
A04060G,居民服务、修理和其他服务业,private,2011,20543.0
A04060G,居民服务、修理和其他服务业,private,2012,24068.0
A04060G,居民服务、修理和其他服务业,private,2013,27483.0
A04060G,居民服务、修理和其他服务业,private,2014,30580.0
A04060G,居民服务、修理和其他服务业,private,2015,33203.0
A04060G,居民服务、修理和其他服务业,private,2016,35824.0
A04060G,居民服务、修理和其他服务业,private,2017,38417.0
A04060G,居民服务、修理和其他服务业,private,2018,41058.0
A04060G,居民服务、修理和其他服务业,private,2019,43926.0
A04060G,居民服务、修理和其他服务业,private,2020,44536.0
A04060G,居民服务、修理和其他服务业,private,2021,47193.0
A04060G,居民服务、修理和其他服务业,private,2022,47760.0
A04060G,居民服务、修理和其他服务业,private,2023,49907.0
A04060G,居民服务、修理和其他服务业,private,2024,52139.0
A04060H,教育业,private,2009,21066.0
A04060H,教育业,private,2010,21862.0
A04060H,教育业,private,2011,23636.0
A04060H,教育业,private,2012,26625.0
A04060H,教育业,private,2013,31521.0
A04060H,教育业,private,2014,33678.0
A04060H,教育业,private,2015,37040.0
A04060H,教育业,private,2016,39508.0
A04060H,教育业,private,2017,43263.0
A04060H,教育业,private,2018,46228.0
A04060H,教育业,private,2019,50761.0
A04060H,教育业,private,2020,48443.0
A04060H,教育业,private,2021,52579.0
A04060H,教育业,private,2022,52771.0
A04060H,教育业,private,2023,55775.0
A04060H,教育业,private,2024,60719.0
A04060I,卫生和社会工作,private,2009,18641.0
A04060I,卫生和社会工作,private,2010,21571.0
A04060I,卫生和社会工作,private,2011,25590.0
A04060I,卫生和社会工作,private,2012,29173.0
A04060I,卫生和社会工作,private,2013,33862.0
A04060I,卫生和社会工作,private,2014,37205.0
A04060I,卫生和社会工作,private,2015,40558.0
A04060I,卫生和社会工作,private,2016,43993.0
A04060I,卫生和社会工作,private,2017,47296.0
A04060I,卫生和社会工作,private,2018,52343.0
A04060I,卫生和社会工作,private,2019,57140.0
A04060I,卫生和社会工作,private,2020,60689.0
A04060I,卫生和社会工作,private,2021,67750.0
A04060I,卫生和社会工作,private,2022,71060.0
A04060I,卫生和社会工作,private,2023,74462.0
A04060I,卫生和社会工作,private,2024,75287.0
A04060J,文化、体育和娱乐业,private,2009,17339.0
A04060J,文化、体育和娱乐业,private,2010,20012.0
A04060J,文化、体育和娱乐业,private,2011,22666.0
A04060J,文化、体育和娱乐业,private,2012,26177.0
A04060J,文化、体育和娱乐业,private,2013,30402.0
A04060J,文化、体育和娱乐业,private,2014,32024.0
A04060J,文化、体育和娱乐业,private,2015,34974.0
A04060J,文化、体育和娱乐业,private,2016,38228.0
A04060J,文化、体育和娱乐业,private,2017,41201.0
A04060J,文化、体育和娱乐业,private,2018,44592.0
A04060J,文化、体育和娱乐业,private,2019,49289.0
A04060J,文化、体育和娱乐业,private,2020,51300.0
A04060J,文化、体育和娱乐业,private,2021,56171.0
A04060J,文化、体育和娱乐业,private,2022,56769.0
A04060J,文化、体育和娱乐业,private,2023,59407.0
A04060J,文化、体育和娱乐业,private,2024,61669.0
A04060K,公共管理、社会保障和社会组织,private,2009,8190.54760339755
A04060K,公共管理、社会保障和社会组织,private,2010,8900.0
A04060K,公共管理、社会保障和社会组织,private,2011,11738.0
A04060K,公共管理、社会保障和社会组织,private,2012,10858.0
A04060K,公共管理、社会保障和社会组织,private,2013,33953.0
A04060K,公共管理、社会保障和社会组织,private,2014,26744.0
